ch,i,status
1,1,Confirmed
1,6,Confirmed
1,8,Confirmed
1,10,Likely
1,17,Likely
1,31,Confirmed
1,42,Confirmed
1,70,Confirmed
1,102,Likely
1,124,Confirmed
1,137,Confirmed
1,147,Confirmed
1,160,Confirmed
1,166,Likely
1,176,Confirmed
1,197,Likely
1,206,Likely
1,215,Confirmed
1,223,Confirmed
1,226,Confirmed
1,229,Likely
2,0,Confirmed
2,6,Confirmed
2,29,Confirmed
2,38,Confirmed
2,63,Confirmed
2,72,Likely
2,93,Confirmed
2,143,Confirmed
2,170,Confirmed
2,177,Confirmed
2,187,Likely
2,198,Confirmed
2,209,Confirmed
2,237,Confirmed
2,255,Confirmed
2,259,Likely
2,283,Confirmed
2,326,Confirmed
2,378,Confirmed
2,389,Confirmed
2,407,Confirmed
2,417,Confirmed
2,441,Confirmed
2,486,Confirmed
2,498,Likely
2,504,Likely
2,517,Confirmed
2,539,Confirmed
2,548,Likely
2,583,Likely
2,591,Confirmed
2,612,Confirmed
2,622,Confirmed
2,627,Likely
2,632,Confirmed
2,676,Confirmed
2,704,Confirmed
2,707,Confirmed
2,720,Confirmed
2,741,Confirmed
2,757,Confirmed
2,761,Likely
2,774,Confirmed
2,792,Confirmed
2,796,Confirmed
2,802,Confirmed
3,1,Confirmed
3,11,Confirmed
3,13,Confirmed
3,14,Confirmed
3,15,Confirmed
3,15,Confirmed
3,30,Confirmed
3,39,Confirmed
3,74,Confirmed
3,109,Confirmed
3,114,Confirmed
3,132,Confirmed
3,166,Confirmed
3,194,Confirmed
3,197,Confirmed
3,200,Likely
3,205,Confirmed
3,224,Confirmed
3,272,Confirmed
3,292,Confirmed
3,294,Confirmed
3,307,Likely
3,315,Confirmed
4,0,Confirmed
4,9,Likely
4,15,Confirmed
4,21,Confirmed
4,46,Confirmed
4,50,Likely
4,86,Confirmed
4,95,Likely
4,100,Confirmed
4,123,Confirmed
4,137,Confirmed
4,157,Confirmed
4,212,Confirmed
4,232,Confirmed
4,236,Confirmed
4,253,Confirmed
4,256,Likely
4,316,Confirmed
4,329,Confirmed
4,351,Confirmed
4,408,Confirmed
4,435,Confirmed
4,443,Likely
4,462,Confirmed
4,476,Likely
4,483,Confirmed
4,505,Confirmed
4,555,Confirmed
4,567,Confirmed
4,629,Confirmed
4,639,Confirmed
4,644,Likely
4,703,Confirmed
4,720,Likely
4,748,Confirmed
4,753,Confirmed
4,806,Confirmed
4,845,Confirmed
4,859,Likely
4,879,Likely
4,899,Likely
4,904,Confirmed
4,913,Confirmed
4,921,Confirmed
4,943,Confirmed
4,975,Likely
4,1016,Confirmed
4,1021,Likely
4,1033,Confirmed
4,1057,Confirmed
4,1110,Confirmed
4,1130,Confirmed
4,1159,Confirmed
4,1166,Confirmed
4,1204,Likely
4,1240,Confirmed
4,1276,Confirmed
4,1302,Confirmed
4,1308,Likely
4,1353,Confirmed
4,1379,Likely
4,1385,Confirmed
4,1404,Confirmed
4,1448,Confirmed
4,1454,Likely
4,1462,Confirmed
4,1487,Confirmed
4,1498,Likely
4,1502,Confirmed
4,1506,Likely
4,1524,Likely
5,4,Confirmed
5,6,Confirmed
5,9,Confirmed
5,11,Confirmed
5,18,Likely
5,59,Confirmed
5,94,Confirmed
5,109,Likely
5,145,Confirmed
5,173,Confirmed
5,192,Confirmed
5,212,Confirmed
5,256,Likely
5,276,Confirmed
5,278,Confirmed
5,287,Confirmed
5,301,Confirmed
5,316,Likely
5,353,Confirmed
5,406,Confirmed
5,430,Likely
5,439,Confirmed
5,442,Confirmed
5,498,Confirmed
5,520,Confirmed
5,549,Confirmed
5,563,Likely
5,569,Confirmed
6,0,Likely
6,5,Confirmed
6,12,Confirmed
6,19,Confirmed
6,20,Confirmed
6,32,Confirmed
6,32,Confirmed
6,62,Likely
6,68,Confirmed
6,99,Likely
6,104,Confirmed
6,118,Confirmed
6,127,Confirmed
6,136,Confirmed
6,167,Confirmed
6,199,Confirmed
6,216,Confirmed
6,253,Confirmed
6,256,Confirmed
6,268,Likely
6,269,Confirmed
7,7,Likely
7,17,Confirmed
7,26,Likely
7,33,Likely
7,64,Confirmed
7,112,Confirmed
7,114,Likely
7,117,Confirmed
7,163,Confirmed
7,171,Likely
7,187,Confirmed
7,204,Confirmed
7,231,Confirmed
7,241,Confirmed
7,267,Likely
7,269,Likely
7,275,Likely
7,286,Confirmed
7,288,Likely
7,319,Likely
7,352,Confirmed
7,388,Confirmed
7,421,Confirmed
7,481,Likely
7,485,Confirmed
7,508,Confirmed
7,539,Likely
7,568,Confirmed
7,574,Confirmed
7,575,Likely
7,607,Confirmed
7,621,Likely
7,653,Confirmed
7,659,Confirmed
7,715,Confirmed
7,778,Confirmed
7,795,Likely
7,801,Likely
7,834,Confirmed
7,847,Likely
7,888,Confirmed
7,916,Confirmed
7,970,Likely
7,977,Confirmed
7,999,Confirmed
7,1002,Confirmed
7,1005,Likely
7,1063,Confirmed
7,1073,Likely
7,1083,Confirmed
7,1090,Likely
8,5,Confirmed
8,7,Confirmed
8,10,Likely
8,45,Confirmed
8,57,Likely
8,64,Confirmed
8,94,Confirmed
8,111,Confirmed
8,116,Likely
8,133,Confirmed
8,134,Likely
8,140,Confirmed
8,168,Confirmed
8,193,Likely
8,198,Likely
8,213,Confirmed
8,215,Likely
8,218,Likely
8,245,Confirmed
8,287,Likely
8,297,Confirmed
8,344,Likely
8,359,Confirmed
8,366,Likely
8,381,Likely
8,392,Confirmed
8,406,Confirmed
8,447,Confirmed
8,474,Confirmed
8,501,Confirmed
8,520,Confirmed
8,535,Confirmed
8,550,Likely
8,556,Confirmed
9,8,Likely
9,17,Likely
9,30,Likely
9,33,Confirmed
9,74,Confirmed
9,80,Confirmed
9,105,Confirmed
9,136,Confirmed
9,163,Confirmed
9,175,Confirmed
9,183,Likely
9,190,Likely
9,205,Likely
9,214,Confirmed
9,220,Likely
9,226,Likely
9,245,Confirmed
9,247,Confirmed
9,248,Likely
9,280,Likely
9,310,Confirmed
9,341,Confirmed
9,357,Confirmed
9,406,Likely
9,411,Confirmed
9,432,Confirmed
9,438,Likely
10,0,Confirmed
10,7,Confirmed
10,16,Confirmed
10,23,Confirmed
10,67,Confirmed
10,99,Confirmed
10,113,Confirmed
10,161,Confirmed
10,170,Likely
10,204,Confirmed
10,228,Confirmed
10,248,Confirmed
10,268,Likely
10,298,Confirmed
10,304,Likely
10,337,Confirmed
10,354,Likely
10,374,Confirmed
10,375,Confirmed
10,417,Confirmed
10,442,Confirmed
10,454,Confirmed
10,459,Confirmed
10,474,Likely
10,502,Confirmed
10,540,Confirmed
10,609,Confirmed
10,612,Confirmed
10,644,Likely
10,654,Confirmed
10,683,Confirmed
10,711,Confirmed
10,718,Likely
10,729,Confirmed
10,736,Confirmed
10,744,Confirmed
11,1,Likely
11,8,Likely
11,15,Likely
11,42,Confirmed
11,55,Confirmed
11,98,Confirmed
11,114,Likely
11,145,Confirmed
11,153,Confirmed
11,196,Confirmed
11,200,Confirmed
11,213,Confirmed
11,235,Likely
11,257,Confirmed
11,302,Confirmed
11,329,Confirmed
11,333,Likely
11,388,Confirmed
11,416,Confirmed
11,444,Confirmed
11,447,Confirmed
11,456,Confirmed
11,462,Likely
11,500,Likely
11,516,Confirmed
11,530,Confirmed
11,581,Confirmed
11,611,Confirmed
11,633,Likely
11,642,Confirmed
11,662,Likely
12,1,Likely
12,52,Confirmed
12,76,Confirmed
12,91,Confirmed
12,93,Confirmed
12,151,Confirmed
12,156,Confirmed
12,222,Confirmed
12,231,Confirmed
12,243,Confirmed
12,289,Confirmed
12,343,Confirmed
12,373,Confirmed
12,412,Confirmed
12,450,Confirmed
12,458,Confirmed
12,512,Confirmed
12,603,Confirmed
12,622,Confirmed
12,645,Confirmed
12,659,Confirmed
12,687,Confirmed
12,730,Confirmed
12,745,Confirmed
12,794,Confirmed
12,822,Confirmed
12,888,Confirmed
12,928,Confirmed
12,948,Confirmed
12,1007,Confirmed
12,1013,Confirmed
12,1019,Likely
12,1024,Confirmed
12,1043,Likely
12,1055,Likely
12,1059,Confirmed
12,1064,Likely
12,1071,Likely
13,0,Likely
13,6,Likely
13,9,Likely
13,31,Confirmed
13,40,Confirmed
13,45,Likely
13,49,Confirmed
13,74,Confirmed
13,94,Confirmed
13,137,Confirmed
13,159,Confirmed
13,183,Confirmed
13,227,Likely
13,263,Confirmed
13,269,Likely
13,286,Confirmed
13,289,Likely
13,341,Likely
13,371,Confirmed
13,421,Likely
13,433,Confirmed
13,468,Confirmed
13,481,Likely
13,503,Confirmed
13,535,Confirmed
13,554,Confirmed
13,568,Likely
13,573,Likely
13,611,Confirmed
13,634,Confirmed
13,649,Confirmed
13,688,Confirmed
13,727,Likely
13,758,Confirmed
13,762,Likely
13,772,Confirmed
13,805,Confirmed
13,815,Confirmed
13,837,Likely
13,865,Confirmed
13,878,Confirmed
13,897,Confirmed
13,918,Likely
13,923,Likely
14,1,Likely
14,8,Likely
14,15,Likely
14,28,Confirmed
14,61,Confirmed
14,84,Likely
14,89,Confirmed
14,116,Likely
14,126,Confirmed
14,136,Likely
14,169,Confirmed
14,196,Confirmed
14,250,Confirmed
14,253,Likely
14,279,Confirmed
14,322,Confirmed
14,325,Likely
14,343,Likely
14,352,Confirmed
14,357,Likely
14,359,Likely
14,412,Confirmed
14,416,Likely
14,449,Confirmed
14,499,Confirmed
14,516,Likely
14,546,Confirmed
14,555,Likely
14,561,Confirmed
14,568,Likely
14,609,Confirmed
14,616,Likely
14,635,Confirmed
14,691,Confirmed
14,713,Confirmed
14,734,Likely
14,738,Confirmed
14,764,Confirmed
14,773,Likely
14,782,Likely
15,1,Likely
15,11,Likely
15,19,Likely
15,23,Likely
15,35,Confirmed
15,72,Confirmed
15,79,Likely
15,85,Confirmed
15,103,Likely
15,113,Confirmed
15,129,Confirmed
15,155,Confirmed
15,167,Confirmed
15,227,Confirmed
15,277,Confirmed
15,309,Confirmed
15,332,Likely
15,337,Confirmed
15,348,Likely
15,354,Likely
15,372,Likely
15,398,Likely
15,436,Confirmed
15,458,Likely
15,464,Likely
15,489,Confirmed
15,497,Confirmed
15,514,Likely
15,520,Confirmed
15,566,Confirmed
15,577,Likely
15,600,Confirmed
15,604,Likely
15,617,Likely
15,646,Likely
15,656,Confirmed
15,663,Likely
15,670,Likely
15,681,Confirmed
15,704,Likely
15,729,Confirmed
15,736,Likely
15,762,Likely
15,766,Confirmed
15,783,Confirmed
15,848,Likely
15,854,Confirmed
15,874,Confirmed
15,899,Likely
15,908,Confirmed
15,945,Likely
15,981,Confirmed
15,998,Likely
15,1012,Likely
15,1023,Likely
15,1053,Confirmed
15,1058,Likely
15,1081,Likely
15,1090,Likely
16,7,Confirmed
16,12,Confirmed
16,18,Likely
16,43,Confirmed
16,73,Confirmed
16,91,Likely
16,116,Confirmed
16,162,Likely
16,179,Likely
16,190,Likely
16,195,Likely
16,211,Confirmed
16,215,Likely
16,241,Likely
16,250,Likely
16,261,Likely
16,274,Likely
16,289,Confirmed
16,298,Likely
16,304,Likely
16,317,Likely
16,324,Likely
16,331,Confirmed
16,369,Likely
16,377,Likely
16,384,Confirmed
16,415,Confirmed
16,418,Confirmed
16,428,Likely
16,440,Likely
16,454,Likely
16,456,Confirmed
16,499,Likely
16,511,Confirmed
16,553,Likely
16,559,Likely
16,563,Confirmed
16,565,Confirmed
16,584,Confirmed
16,633,Confirmed
16,684,Confirmed
16,690,Likely
16,695,Confirmed
16,728,Likely
16,749,Confirmed
16,777,Confirmed
16,819,Confirmed
16,824,Likely
16,842,Confirmed
16,850,Likely
16,863,Likely
16,880,Confirmed
16,930,Likely
16,933,Confirmed
16,942,Likely
16,947,Likely
